<?xml version="1.0" encoding="UTF-8"?>
<project-private xmlns="http://www.netbeans.org/ns/project-private/1">
    <editor-bookmarks xmlns="http://www.netbeans.org/ns/editor-bookmarks/2" lastBookmarkId="0"/>
    <open-files xmlns="http://www.netbeans.org/ns/projectui-open-files/2">
        <group>
            <file>file:/C:/Users/MOUHAMED%20NIANG/Desktop/Java%202.0/projet%20Clinique/Gestion_clinique/src/entities/Prestation.java</file>
            <file>file:/C:/Users/MOUHAMED%20NIANG/Desktop/Java%202.0/projet%20Clinique/Gestion_clinique/src/entities/RendezVous.java</file>
            <file>file:/C:/Users/MOUHAMED%20NIANG/Desktop/Java%202.0/projet%20Clinique/Gestion_clinique/src/dao/DataBase.java</file>
            <file>file:/C:/Users/MOUHAMED%20NIANG/Desktop/Java%202.0/projet%20Clinique/Gestion_clinique/src/view/ConnexionController.java</file>
            <file>file:/C:/Users/MOUHAMED%20NIANG/Desktop/Java%202.0/projet%20Clinique/Gestion_clinique/src/dao/RendezVousDao.java</file>
            <file>file:/C:/Users/MOUHAMED%20NIANG/Desktop/Java%202.0/projet%20Clinique/Gestion_clinique/src/view/PrestationController.java</file>
        </group>
    </open-files>
</project-private>
